name,url_picture,date_of_birth,age,height,weight,spike,block
Bieke Kindt,/en/vnl/women/teams/bel-belgium/players/bieke-kindt?id=71424,11/02/2000,19,191,74,302,284
Elise Van Sas,/en/vnl/women/teams/bel-belgium/players/elise-van-sas?id=71427,01/08/1997,22,188,74,296,281
Britt Herbots,/en/vnl/women/teams/bel-belgium/players/britt-herbots?id=71423,24/09/1999,20,182,63,310,290
Nathalie Lemmens,/en/vnl/women/teams/bel-belgium/players/nathalie-lemmens?id=71425,12/03/1995,24,192,85,311,288
Laura Heyrman,/en/vnl/women/teams/bel-belgium/players/laura-heyrman?id=71447,17/05/1993,26,186,74,310,280
Laure Flament,/en/vnl/women/teams/bel-belgium/players/laure-flament?id=71429,18/06/1998,21,182,76,295,282
Celine Van Gestel,/en/vnl/women/teams/bel-belgium/players/celine-van-gestel?id=71431,07/11/1997,22,183,70,310,280
Kaja Grobelna,/en/vnl/women/teams/bel-belgium/players/kaja-grobelna?id=71430,04/01/1995,24,188,72,318,299
Freya Aelbrecht,/en/vnl/women/teams/bel-belgium/players/freya-aelbrecht?id=71428,10/02/1990,29,186,82,308,282
Dominika Sobolska,/en/vnl/women/teams/bel-belgium/players/dominika-sobolska?id=71450,03/12/1991,28,187,83,309,292
Iris Vandewiele,/en/vnl/women/teams/bel-belgium/players/iris-vandewiele?id=71452,07/03/1994,25,189,71,295,286
Dominika Strumilo,/en/vnl/women/teams/bel-belgium/players/dominika-strumilo?id=71436,26/12/1996,23,187,63,311,292
Marlies Janssens,/en/vnl/women/teams/bel-belgium/players/marlies-janssens?id=71434,04/06/1997,22,193,79,312,299
Jutta Van De Vyver,/en/vnl/women/teams/bel-belgium/players/jutta-van-de-vyver?id=71438,11/06/1996,23,175,72,290,270
Karolina Goliat,/en/vnl/women/teams/bel-belgium/players/karolina-goliat?id=71439,25/10/1996,23,189,79,308,295
Ilka Van De Vyver,/en/vnl/women/teams/bel-belgium/players/ilka-van-de-vyver?id=71437,26/01/1993,26,170,79,296,273
Oriane Moulin,/en/vnl/women/teams/bel-belgium/players/oriane-moulin?id=71426,18/02/2000,19,181,63,303,287
Silke Van Avermaet,/en/vnl/women/teams/bel-belgium/players/silke-van-avermaet?id=71444,02/06/1999,20,192,76,311,290
Jodie Guilliams,/en/vnl/women/teams/bel-belgium/players/jodie-guilliams?id=71440,26/04/1997,22,180,73,305,289
Manon Stragier,/en/vnl/women/teams/bel-belgium/players/manon-stragier?id=71442,12/03/1999,20,182,69,308,283
Anna Valkenborg,/en/vnl/women/teams/bel-belgium/players/anna-valkenborg?id=71443,04/01/1998,21,174,59,290,270
Felice Vanassche,/en/vnl/women/teams/bel-belgium/players/felice-vanassche?id=71432,20/07/2000,19,185,71,300,285
Britt Rampelberg,/en/vnl/women/teams/bel-belgium/players/britt-rampelberg?id=71441,05/06/2000,19,165,58,283,269
Charlotte Krenicky,/en/vnl/women/teams/bel-belgium/players/charlotte-krenicky?id=71448,29/06/2000,19,189,80,312,282
Britt Ruysschaert,/en/vnl/women/teams/bel-belgium/players/britt-ruysschaert?id=71449,27/05/1994,25,180,60,302,281
Mara Ferreira Leao,/en/vnl/women/teams/bra-brazil/players/mara-ferreira-leao?id=71722,26/07/1991,28,190,84,320,301
Macris Carneiro,/en/vnl/women/teams/bra-brazil/players/macris-carneiro?id=71716,03/03/1989,30,178,64,292,275
Lara Nobre Cardoso G Filomeno,/en/vnl/women/teams/bra-brazil/players/lara-nobre-cardoso-g-filomeno?id=72483,11/02/1989,30,185,69,306,290
Ana Paula Borgo Bedani Guedes,/en/vnl/women/teams/bra-brazil/players/ana-paula-borgo-bedani-guedes?id=71712,20/10/1993,26,187,76,305,290
Julia Isabelle Bergmann,/en/vnl/women/teams/bra-brazil/players/julia-isabelle-bergmann?id=71711,21/02/2001,18,196,78,301,289
Juma Silva,/en/vnl/women/teams/bra-brazil/players/juma-silva?id=71733,17/01/1993,26,181,68,295,280
Roberta Silva Ratzke,/en/vnl/women/teams/bra-brazil/players/roberta-silva-ratzke?id=71732,28/04/1990,29,185,71,287,278
Gabriela Braga Guimaraes,/en/vnl/women/teams/bra-brazil/players/gabriela-braga-guimaraes?id=71713,19/05/1994,25,180,65,305,289
Tainara Lemes Santos,/en/vnl/women/teams/bra-brazil/players/tainara-lemes-santos?id=71728,09/03/2000,19,190,81,306,289
Natalia Pereira,/en/vnl/women/teams/bra-brazil/players/natalia-pereira?id=71741,04/04/1989,30,186,83,311,295
Amanda Francisco,/en/vnl/women/teams/bra-brazil/players/amanda-francisco?id=71723,16/08/1988,31,180,62,304,286
Josefa Fabiola Almeida De Sousa Alves,/en/vnl/women/teams/bra-brazil/players/josefa-fabiola-almeida-de-sousa-alves?id=71502,03/02/1983,36,184,70,300,285
Ana Carolina Da Silva,/en/vnl/women/teams/bra-brazil/players/ana-carolina-da-silva?id=71719,08/04/1991,28,183,73,290,290
Tandara Caixeta,/en/vnl/women/teams/bra-brazil/players/tandara-caixeta?id=71715,30/10/1988,31,184,87,305,297
Suelen Pinto,/en/vnl/women/teams/bra-brazil/players/suelen-pinto?id=71731,04/10/1987,32,166,81,256,238
Leia Henrique Da Silva Nicolosi,/en/vnl/women/teams/bra-brazil/players/leia-henrique-da-silva-nicolosi?id=71724,01/03/1985,34,160,60,275,269
Ana Beatriz Correa,/en/vnl/women/teams/bra-brazil/players/ana-beatriz-correa?id=71718,07/02/1992,27,187,70,298,292
Maira Cipriano Claro,/en/vnl/women/teams/bra-brazil/players/maira-cipriano-claro?id=71717,07/03/1995,24,187,62,300,278
Lana Conceição,/en/vnl/women/teams/bra-brazil/players/lana-concei%c3%a7%c3%a3o?id=71738,08/12/1996,23,178,74,305,288
Edinara Brancher,/en/vnl/women/teams/bra-brazil/players/edinara-brancher?id=71714,01/02/1996,23,186,80,295,285
Lorenne Geraldo Teixeira,/en/vnl/women/teams/bra-brazil/players/lorenne-geraldo-teixeira?id=71727,08/01/1996,23,187,72,306,289
Milka Marcília Medeiros Silva,/en/vnl/women/teams/bra-brazil/players/milka-marc%c3%adlia-medeiros-silva?id=71734,18/07/1994,25,190,75,307,291
Natália Araujo,/en/vnl/women/teams/bra-brazil/players/nat%c3%a1lia-araujo?id=71709,10/04/1997,22,162,59,228,215
Lais Vasques,/en/vnl/women/teams/bra-brazil/players/lais-vasques?id=71736,12/02/1996,23,171,70,275,274
Mayany Cristina Araujo De Souza,/en/vnl/women/teams/bra-brazil/players/mayany-cristina-araujo-de-souza?id=71710,24/11/1996,23,185,72,293,282
Gergana Dimitrova,/en/vnl/women/teams/bul-bulgaria/players/gergana-dimitrova?id=70844,28/02/1996,23,184,71,305,288
Nasya Dimitrova,/en/vnl/women/teams/bul-bulgaria/players/nasya-dimitrova?id=70845,06/11/1992,27,190,70,305,290
Kristiana Petrova,/en/vnl/women/teams/bul-bulgaria/players/kristiana-petrova?id=70854,13/07/1997,22,177,70,290,282
Maria Dancheva,/en/vnl/women/teams/bul-bulgaria/players/maria-dancheva?id=70842,04/12/1995,24,195,73,314,302
Simona Dimitrova,/en/vnl/women/teams/bul-bulgaria/players/simona-dimitrova?id=70846,17/07/1994,25,185,82,290,280
Miroslava Paskova,/en/vnl/women/teams/bul-bulgaria/players/miroslava-paskova?id=70853,16/02/1996,23,180,67,299,280
Lora Kitipova,/en/vnl/women/teams/bul-bulgaria/players/lora-kitipova?id=70849,19/05/1991,28,184,66,290,283
Petya Barakova,/en/vnl/women/teams/bul-bulgaria/players/petya-barakova?id=70839,18/06/1994,25,180,76,283,271
Monika Krasteva,/en/vnl/women/teams/bul-bulgaria/players/monika-krasteva?id=71161,09/05/1999,20,183,64,292,285
Mira Todorova,/en/vnl/women/teams/bul-bulgaria/players/mira-todorova?id=70857,12/04/1994,25,187,73,312,300
Gergana Georgieva,/en/vnl/women/teams/bul-bulgaria/players/gergana-georgieva?id=70847,15/10/1998,21,176,61,289,272
Mariya Karakasheva,/en/vnl/women/teams/bul-bulgaria/players/mariya-karakasheva?id=70848,27/10/1988,31,182,68,295,290
Mirela Shahpazova,/en/vnl/women/teams/bul-bulgaria/players/mirela-shahpazova?id=70856,28/10/1997,22,175,65,280,270
Aleksandra Milanova,/en/vnl/women/teams/bul-bulgaria/players/aleksandra-milanova?id=70852,04/07/2001,18,180,72,295,284
Zhana Todorova,/en/vnl/women/teams/bul-bulgaria/players/zhana-todorova?id=70858,06/01/1997,22,170,56,271,255
Elitsa Vasileva,/en/vnl/women/teams/bul-bulgaria/players/elitsa-vasileva?id=70859,13/05/1990,29,190,73,302,290
Elena Becheva,/en/vnl/women/teams/bul-bulgaria/players/elena-becheva?id=70840,30/05/1998,21,185,70,296,288
Silvana Chausheva,/en/vnl/women/teams/bul-bulgaria/players/silvana-chausheva?id=70841,19/05/1995,24,188,75,305,290
Radostina Marinova,/en/vnl/women/teams/bul-bulgaria/players/radostina-marinova?id=70851,02/10/1998,21,186,65,299,288
Mariya Krivoshiyska,/en/vnl/women/teams/bul-bulgaria/players/mariya-krivoshiyska?id=70850,06/09/2001,18,186,58,293,285
Denitsa Dimitrova,/en/vnl/women/teams/bul-bulgaria/players/denitsa-dimitrova?id=70843,26/03/1999,20,189,70,299,280
Dima Usheva,/en/vnl/women/teams/bul-bulgaria/players/dima-usheva?id=70864,16/12/2000,19,192,73,300,280
Vangeliya Rachkovska,/en/vnl/women/teams/bul-bulgaria/players/vangeliya-rachkovska?id=70855,19/07/1997,22,185,67,296,281
Silvia Andreeva,/en/vnl/women/teams/bul-bulgaria/players/silvia-andreeva?id=70838,18/08/1995,24,182,63,292,284
Polina Neykova,/en/vnl/women/teams/bul-bulgaria/players/polina-neykova?id=71285,07/10/1998,21,182,73,287,280
Xinyue Yuan,/en/vnl/women/teams/chn-china/players/xinyue-yuan?id=71483,21/12/1996,23,201,78,317,311
Ting Zhu,/en/vnl/women/teams/chn-china/players/ting-zhu?id=71487,29/11/1994,25,198,78,327,300
Linyu Diao,/en/vnl/women/teams/chn-china/players/linyu-diao?id=71470,07/04/1994,25,182,69,309,303
Hanyu Yang,/en/vnl/women/teams/chn-china/players/hanyu-yang?id=71490,12/10/1999,20,192,72,317,311
Mingyuan Hu,/en/vnl/women/teams/chn-china/players/mingyuan-hu?id=71499,17/05/1996,23,187,69,305,297
Xiangyu Gong,/en/vnl/women/teams/chn-china/players/xiangyu-gong?id=71498,21/04/1997,22,186,72,313,302
Yuanyuan Wang,/en/vnl/women/teams/chn-china/players/yuanyuan-wang?id=71478,14/07/1997,22,195,75,312,300
Chunlei Zeng,/en/vnl/women/teams/chn-china/players/chunlei-zeng?id=71484,03/11/1989,30,187,67,315,315
Changning Zhang,/en/vnl/women/teams/chn-china/players/changning-zhang?id=71485,06/11/1995,24,193,80,315,303
Xiaotong Liu,/en/vnl/women/teams/chn-china/players/xiaotong-liu?id=71501,16/02/1990,29,188,80,312,300
Di Yao,/en/vnl/women/teams/chn-china/players/di-yao?id=71482,15/08/1992,27,182,65,306,298
Yingying Li,/en/vnl/women/teams/chn-china/players/yingying-li?id=71500,19/02/2000,19,192,71,302,294
Yan Sun,/en/vnl/women/teams/chn-china/players/yan-sun?id=71475,06/07/2001,18,188,68,308,295
Yixin Zheng,/en/vnl/women/teams/chn-china/players/yixin-zheng?id=71492,06/05/1995,24,187,71,316,307
Li Lin,/en/vnl/women/teams/chn-china/players/li-lin?id=71488,05/07/1992,27,171,65,294,294
Xia Ding,/en/vnl/women/teams/chn-china/players/xia-ding?id=71471,13/01/1990,29,180,67,305,300
Ni Yan,/en/vnl/women/teams/chn-china/players/ni-yan?id=71480,02/03/1987,32,192,74,317,306
Mengjie Wang,/en/vnl/women/teams/chn-china/players/mengjie-wang?id=71476,14/11/1995,24,172,65,289,280
Yanhan Liu,/en/vnl/women/teams/chn-china/players/yanhan-liu?id=71473,19/01/1993,26,188,75,315,305
Fang Duan,/en/vnl/women/teams/chn-china/players/fang-duan?id=71497,26/12/1994,25,186,73,301,296
Feifan Ni,/en/vnl/women/teams/chn-china/players/feifan-ni?id=71474,14/02/2001,18,175,67,271,265
Qingqing Du,/en/vnl/women/teams/chn-china/players/qingqing-du?id=71494,18/12/1996,23,189,72,312,300
Yichan Zhang,/en/vnl/women/teams/chn-china/players/yichan-zhang?id=71491,11/02/1991,28,187,76,318,307
Ye Jin,/en/vnl/women/teams/chn-china/players/ye-jin?id=71472,01/03/1996,23,187,77,310,302
Wenhan Che,/en/vnl/women/teams/chn-china/players/wenhan-che?id=71493,11/04/2000,19,193,67,305,297
Annerys Victoria Vargas Valdez,/en/vnl/women/teams/dom-dominican%20republic/players/annerys-victoria-vargas-valdez?id=71273,07/08/1981,38,196,70,327,320
Yaneirys Rodriguez Duran,/en/vnl/women/teams/dom-dominican%20republic/players/yaneirys-rodriguez-duran?id=71272,26/06/2000,19,171,56,280,251
Lisvel Elisa Eve Mejia,/en/vnl/women/teams/dom-dominican%20republic/players/lisvel-elisa-eve-mejia?id=71256,10/09/1991,28,194,70,325,315
Vielka Michelle Peralta Luna,/en/vnl/women/teams/dom-dominican%20republic/players/vielka-michelle-peralta-luna?id=71269,13/04/1999,20,186,56,310,305
Brenda Castillo,/en/vnl/women/teams/dom-dominican%20republic/players/brenda-castillo?id=71253,05/06/1992,27,167,55,245,230
Camil Inmaculada Dominguez Martinez,/en/vnl/women/teams/dom-dominican%20republic/players/camil-inmaculada-dominguez-martinez?id=71255,07/12/1991,28,176,75,285,270
Niverka Dharlenis Marte Frica,/en/vnl/women/teams/dom-dominican%20republic/players/niverka-dharlenis-marte-frica?id=71262,19/10/1990,29,178,71,295,283
Candida Estefany Arias Perez,/en/vnl/women/teams/dom-dominican%20republic/players/candida-estefany-arias-perez?id=71251,11/03/1992,27,194,68,320,315
Angelica Maria Hinojosa Diaz,/en/vnl/women/teams/dom-dominican%20republic/players/angelica-maria-hinojosa-diaz?id=71259,10/01/1997,22,186,72,305,279
Natalia Martinez,/en/vnl/women/teams/dom-dominican%20republic/players/natalia-martinez?id=71265,25/11/2000,19,186,71,310,300
Marifranchi Rodriguez,/en/vnl/women/teams/dom-dominican%20republic/players/marifranchi-rodriguez?id=71274,29/08/1990,29,184,68,310,300
Yokaty Perez Flores,/en/vnl/women/teams/dom-dominican%20republic/players/yokaty-perez-flores?id=71270,06/08/1998,21,178,79,291,257
Hennesys Nathaly Lalane Tejeda,/en/vnl/women/teams/dom-dominican%20republic/players/hennesys-nathaly-lalane-tejeda?id=71260,10/04/2000,19,185,74,275,263
Prisilla Rivera Brens,/en/vnl/women/teams/dom-dominican%20republic/players/prisilla-rivera-brens?id=71271,29/12/1984,35,183,67,309,305
Madeline Jazmin Guillen Paredes,/en/vnl/women/teams/dom-dominican%20republic/players/madeline-jazmin-guillen-paredes?id=71258,04/06/2001,18,186,74,273,242
Yonkaira Paola Peña Isabel,/en/vnl/women/teams/dom-dominican%20republic/players/yonkaira-paola-pe%c3%b1a-isabel?id=71268,10/05/1993,26,190,70,320,310
Gina Altagracia Mambru Casilla,/en/vnl/women/teams/dom-dominican%20republic/players/gina-altagracia-mambru-casilla?id=71261,21/01/1986,33,182,65,330,315
Bethania De La Cruz De Peña,/en/vnl/women/teams/dom-dominican%20republic/players/bethania-de-la-cruz-de-pe%c3%b1a?id=71254,13/05/1987,32,188,70,330,320
Ana Yorkira Binet Stephens,/en/vnl/women/teams/dom-dominican%20republic/players/ana-yorkira-binet-stephens?id=71252,09/02/1992,27,174,58,280,260
Brayelin Elizabeth Martinez,/en/vnl/women/teams/dom-dominican%20republic/players/brayelin-elizabeth-martinez?id=71263,11/09/1996,23,201,83,330,320
Jineiry Martinez,/en/vnl/women/teams/dom-dominican%20republic/players/jineiry-martinez?id=71264,03/12/1997,22,190,68,305,280
Erasma Moreno Martinez,/en/vnl/women/teams/dom-dominican%20republic/players/erasma-moreno-martinez?id=71267,25/11/1991,28,183,75,304,289
Gaila Ceneida Gonzalez Lopez,/en/vnl/women/teams/dom-dominican%20republic/players/gaila-ceneida-gonzalez-lopez?id=71275,25/06/1997,22,188,73,304,276
Marianne Fersola Norberto,/en/vnl/women/teams/dom-dominican%20republic/players/marianne-fersola-norberto?id=71257,16/01/1992,27,191,60,315,310
Larysmer Martinez Caro,/en/vnl/women/teams/dom-dominican%20republic/players/larysmer-martinez-caro?id=71266,18/10/1996,23,174,68,288,258
Lenka Dürr,/en/vnl/women/teams/ger-germany/players/lenka-d%c3%bcrr?id=71230,10/12/1990,29,171,59,280,270
Pia Kästner,/en/vnl/women/teams/ger-germany/players/pia-k%c3%a4stner?id=71238,29/06/1998,21,182,68,297,286
Denise Hanke,/en/vnl/women/teams/ger-germany/players/denise-hanke?id=71234,31/08/1989,30,179,58,284,272
Selma Hetmann,/en/vnl/women/teams/ger-germany/players/selma-hetmann?id=71235,27/10/1995,24,188,70,325,315
Jana Franziska Poll,/en/vnl/women/teams/ger-germany/players/jana-franziska-poll?id=71243,07/05/1988,31,185,69,310,290
Jennifer Geerties,/en/vnl/women/teams/ger-germany/players/jennifer-geerties?id=71231,05/04/1994,25,184,58,298,288
Nele Barber,/en/vnl/women/teams/ger-germany/players/nele-barber?id=71226,27/10/1994,25,183,55,290,280
Kimberly Drewniok,/en/vnl/women/teams/ger-germany/players/kimberly-drewniok?id=71229,11/08/1997,22,188,73,311,298
Lina Alsmeier,/en/vnl/women/teams/ger-germany/players/lina-alsmeier?id=71225,29/06/2000,19,189,70,305,290
Lena Stigrot,/en/vnl/women/teams/ger-germany/players/lena-stigrot?id=71246,20/12/1994,25,184,68,303,295
Louisa Lippmann,/en/vnl/women/teams/ger-germany/players/louisa-lippmann?id=71240,23/09/1994,25,191,78,319,312
Hanna Orthmann,/en/vnl/women/teams/ger-germany/players/hanna-orthmann?id=71241,03/10/1998,21,188,74,302,291
Denise Imoudu,/en/vnl/women/teams/ger-germany/players/denise-imoudu?id=71237,14/12/1995,24,180,67,290,280
Marie Schölzel,/en/vnl/women/teams/ger-germany/players/marie-sch%c3%b6lzel?id=71244,01/08/1997,22,188,66,307,299
Corina Glaab,/en/vnl/women/teams/ger-germany/players/corina-glaab?id=71232,25/05/2000,19,180,65,291,281
Linda Bock,/en/vnl/women/teams/ger-germany/players/linda-bock?id=71228,27/05/2000,19,172,60,278,270
Anna Pogany,/en/vnl/women/teams/ger-germany/players/anna-pogany?id=71242,21/07/1994,25,170,60,280,270
Leonie Schwertmann,/en/vnl/women/teams/ger-germany/players/leonie-schwertmann?id=71245,12/01/1994,25,190,80,300,290
Luisa Theresa Keller,/en/vnl/women/teams/ger-germany/players/luisa-theresa-keller?id=71239,25/08/2001,18,184,65,301,285
Celin Stöhr,/en/vnl/women/teams/ger-germany/players/celin-st%c3%b6hr?id=71247,22/11/1993,26,193,68,299,290
Camilla Weitzel,/en/vnl/women/teams/ger-germany/players/camilla-weitzel?id=71248,11/06/2000,19,195,75,302,296
Lisa Gründing,/en/vnl/women/teams/ger-germany/players/lisa-gr%c3%bcnding?id=71233,02/12/1991,28,186,68,303,291
Natalie Wilczek,/en/vnl/women/teams/ger-germany/players/natalie-wilczek?id=71250,09/03/2000,19,185,70,322,312
Lea Ambrosius,/en/vnl/women/teams/ger-germany/players/lea-ambrosius?id=71280,22/05/2000,19,189,79,305,298
Elisa Lohmann,/en/vnl/women/teams/ger-germany/players/elisa-lohmann?id=71281,22/07/1998,21,174,60,290,278
Indre Sorokaite,/en/vnl/women/teams/ita-italy/players/indre-sorokaite?id=71317,02/07/1988,31,188,80,303,280
Sara Alberti,/en/vnl/women/teams/ita-italy/players/sara-alberti?id=71289,03/01/1993,26,185,72,310,300
Carlotta Cambi,/en/vnl/women/teams/ita-italy/players/carlotta-cambi?id=71295,28/05/1996,23,177,66,302,292
Francesca Bosio,/en/vnl/women/teams/ita-italy/players/francesca-bosio?id=71293,07/08/1997,22,180,69,294,284
Ofelia Malinov,/en/vnl/women/teams/ita-italy/players/ofelia-malinov?id=71306,29/02/1996,23,185,70,304,285
Monica De Gennaro,/en/vnl/women/teams/ita-italy/players/monica-de-gennaro?id=71300,08/01/1987,32,174,67,292,217
Raphaela Folie,/en/vnl/women/teams/ita-italy/players/raphaela-folie?id=71304,07/03/1991,28,187,73,324,300
Alessia Orro,/en/vnl/women/teams/ita-italy/players/alessia-orro?id=71313,18/07/1998,21,180,74,308,231
Caterina Bosetti,/en/vnl/women/teams/ita-italy/players/caterina-bosetti?id=71291,02/02/1994,25,179,59,299,281
Cristina Chirichella,/en/vnl/women/teams/ita-italy/players/cristina-chirichella?id=71297,10/02/1994,25,194,79,322,306
Anna Danesi,/en/vnl/women/teams/ita-italy/players/anna-danesi?id=71298,20/04/1996,23,198,78,312,294
Anastasia Guerra,/en/vnl/women/teams/ita-italy/players/anastasia-guerra?id=71305,15/10/1996,23,187,69,312,294
Sarah Luisa Fahr,/en/vnl/women/teams/ita-italy/players/sarah-luisa-fahr?id=71302,12/09/2001,18,194,84,322,306
Elena Pietrini,/en/vnl/women/teams/ita-italy/players/elena-pietrini?id=71316,17/03/2000,19,190,73,330,306
Sylvia Chinelo Nwakalor,/en/vnl/women/teams/ita-italy/players/sylvia-chinelo-nwakalor?id=71310,12/08/1999,20,180,70,330,312
Lucia Bosetti,/en/vnl/women/teams/ita-italy/players/lucia-bosetti?id=71292,09/07/1989,30,178,63,310,292
Miryam Fatime Sylla,/en/vnl/women/teams/ita-italy/players/miryam-fatime-sylla?id=71303,08/01/1995,24,184,80,320,240
Paola Ogechi Egonu,/en/vnl/women/teams/ita-italy/players/paola-ogechi-egonu?id=71312,18/12/1998,21,193,80,344,321
Alexandra Botezat,/en/vnl/women/teams/ita-italy/players/alexandra-botezat?id=71294,03/08/1998,21,197,75,316,304
Beatrice Parrocchiale,/en/vnl/women/teams/ita-italy/players/beatrice-parrocchiale?id=71314,26/12/1995,24,168,59,286,258
Chiara De Bortoli,/en/vnl/women/teams/ita-italy/players/chiara-de-bortoli?id=71299,28/07/1997,22,177,61,308,286
Anna Nicoletti,/en/vnl/women/teams/ita-italy/players/anna-nicoletti?id=71309,03/01/1996,23,193,86,306,290
Francesca Villani,/en/vnl/women/teams/ita-italy/players/francesca-villani?id=71318,30/05/1995,24,186,85,305,280
Elena Perinelli,/en/vnl/women/teams/ita-italy/players/elena-perinelli?id=71315,27/06/1995,24,182,66,299,277
Beatrice Berti,/en/vnl/women/teams/ita-italy/players/beatrice-berti?id=71290,12/01/1996,23,193,87,304,288
Sarina Koga,/en/vnl/women/teams/jpn-japan/players/sarina-koga?id=71138,21/05/1996,23,180,67,302,290
Nana Iwasaka,/en/vnl/women/teams/jpn-japan/players/nana-iwasaka?id=71136,03/07/1990,29,187,75,297,293
Risa Shinnabe,/en/vnl/women/teams/jpn-japan/players/risa-shinnabe?id=71152,11/07/1990,29,173,64,292,285
Erika Shinomiya,/en/vnl/women/teams/jpn-japan/players/erika-shinomiya?id=71131,03/08/1984,35,186,81,302,297
Haruka Miyashita,/en/vnl/women/teams/jpn-japan/players/haruka-miyashita?id=71141,01/09/1994,25,177,61,291,272
Yuki Ishii,/en/vnl/women/teams/jpn-japan/players/yuki-ishii?id=71134,08/05/1991,28,180,68,305,287
Mami Uchiseto,/en/vnl/women/teams/jpn-japan/players/mami-uchiseto?id=71157,25/10/1991,28,170,74,295,285
Haruyo Shimamura,/en/vnl/women/teams/jpn-japan/players/haruyo-shimamura?id=71151,04/03/1992,27,182,78,297,290
Koyomi Iwasaki,/en/vnl/women/teams/jpn-japan/players/koyomi-iwasaki?id=71155,01/05/1989,30,175,68,295,280
Yurie Nabeya,/en/vnl/women/teams/jpn-japan/players/yurie-nabeya?id=71142,15/12/1993,26,176,55,305,292
Miya Sato,/en/vnl/women/teams/jpn-japan/players/miya-sato?id=71148,07/03/1990,29,175,62,278,275
Mai Okumura,/en/vnl/women/teams/jpn-japan/players/mai-okumura?id=71144,31/10/1990,29,177,69,295,285
Mako Kobata,/en/vnl/women/teams/jpn-japan/players/mako-kobata?id=71145,15/08/1992,27,164,56,285,274
Kotoe Inoue,/en/vnl/women/teams/jpn-japan/players/kotoe-inoue?id=71158,15/02/1990,29,162,55,286,275
Ai Kurogo,/en/vnl/women/teams/jpn-japan/players/ai-kurogo?id=71139,14/06/1998,21,180,69,306,295
Kanami Tashiro,/en/vnl/women/teams/jpn-japan/players/kanami-tashiro?id=71159,25/03/1991,28,173,66,284,273
Akane Moriya,/en/vnl/women/teams/jpn-japan/players/akane-moriya?id=71156,08/01/1991,28,165,55,280,260
Yuka Imamura,/en/vnl/women/teams/jpn-japan/players/yuka-imamura?id=71132,02/09/1993,26,176,69,295,291
Aya Watanabe,/en/vnl/women/teams/jpn-japan/players/aya-watanabe?id=71153,23/04/1991,28,176,68,301,0
Miwako Osanai,/en/vnl/women/teams/jpn-japan/players/miwako-osanai?id=71147,19/07/1997,22,175,67,293,270
Yuri Yoshino,/en/vnl/women/teams/jpn-japan/players/yuri-yoshino?id=71154,16/12/1999,20,173,67,290,280
Mai Irisawa,/en/vnl/women/teams/jpn-japan/players/mai-irisawa?id=71133,02/06/1999,20,188,72,309,293
Aika Akutagawa,/en/vnl/women/teams/jpn-japan/players/aika-akutagawa?id=71137,03/04/1991,28,180,62,300,280
Nanami Seki,/en/vnl/women/teams/jpn-japan/players/nanami-seki?id=71149,12/06/1999,20,170,58,282,0
Miyu Nakagawa,/en/vnl/women/teams/jpn-japan/players/miyu-nakagawa?id=71143,08/01/2000,19,180,65,307,300
Soyoung Lee,/en/vnl/women/teams/kor-korea/players/soyoung-lee?id=71394,17/10/1994,25,176,68,279,269
Seungju Pyo,/en/vnl/women/teams/kor-korea/players/seungju-pyo?id=71392,07/08/1992,27,182,76,275,265
Hae Ran Kim,/en/vnl/women/teams/kor-korea/players/hae-ran-kim?id=71376,16/03/1984,35,168,60,270,250
Heejin Kim,/en/vnl/women/teams/kor-korea/players/heejin-kim?id=71377,29/04/1991,28,185,75,305,295
Hyo Hee Lee,/en/vnl/women/teams/kor-korea/players/hyo-hee-lee?id=71384,09/09/1980,39,173,58,272,252
Hyejin An,/en/vnl/women/teams/kor-korea/players/hyejin-an?id=71365,16/02/1998,21,175,63,270,250
Myungok Yim,/en/vnl/women/teams/kor-korea/players/myungok-yim?id=71393,05/05/1986,33,175,62,273,253
Juah Lee,/en/vnl/women/teams/kor-korea/players/juah-lee?id=71386,21/08/2000,19,185,69,282,272
Yeon Koung Kim,/en/vnl/women/teams/kor-korea/players/yeon-koung-kim?id=71381,26/02/1988,31,192,73,330,320
Su Ji Kim,/en/vnl/women/teams/kor-korea/players/su-ji-kim?id=71380,11/07/1987,32,187,68,283,273
Dae-Young Jung,/en/vnl/women/teams/kor-korea/players/dae-young-jung?id=71373,12/08/1981,38,185,73,279,269
Eunjin Park,/en/vnl/women/teams/kor-korea/players/eunjin-park?id=71391,15/12/1999,20,187,74,293,283
Sohwi Kang,/en/vnl/women/teams/kor-korea/players/sohwi-kang?id=71375,18/07/1997,22,180,65,286,276
Yeongyeon Kim,/en/vnl/women/teams/kor-korea/players/yeongyeon-kim?id=71395,01/12/1993,26,163,54,267,247
Jaeyeong Lee,/en/vnl/women/teams/kor-korea/players/jaeyeong-lee?id=71385,15/10/1996,23,178,65,289,279
Jung-Won Moon,/en/vnl/women/teams/kor-korea/players/jung-won-moon?id=71389,24/03/1992,27,174,61,271,261
Dayeong Lee,/en/vnl/women/teams/kor-korea/players/dayeong-lee?id=71383,15/10/1996,23,180,63,291,271
Jiyoung Oh,/en/vnl/women/teams/kor-korea/players/jiyoung-oh?id=71390,11/07/1988,31,170,63,267,247
Wonjeong Lee,/en/vnl/women/teams/kor-korea/players/wonjeong-lee?id=71388,12/01/2000,19,176,68,269,249
Jiyun Jeong,/en/vnl/women/teams/kor-korea/players/jiyun-jeong?id=71371,01/01/2001,18,180,68,283,273
Nayeon Lee,/en/vnl/women/teams/kor-korea/players/nayeon-lee?id=71387,25/03/1992,27,173,62,261,241
Sooji Han,/en/vnl/women/teams/kor-korea/players/sooji-han?id=71370,01/02/1989,30,182,72,285,275
Hyejin Ha,/en/vnl/women/teams/kor-korea/players/hyejin-ha?id=71369,07/09/1996,23,181,60,285,275
Hyunjeong Kim,/en/vnl/women/teams/kor-korea/players/hyunjeong-kim?id=71378,28/08/1998,21,180,70,272,262
Eun-Ji Choi,/en/vnl/women/teams/kor-korea/players/eun-ji-choi?id=71367,07/06/1992,27,183,72,277,267
Kirsten Knip,/en/vnl/women/teams/ned-netherlands/players/kirsten-knip?id=70821,14/09/1992,27,175,70,281,275
Femke Stoltenborg,/en/vnl/women/teams/ned-netherlands/players/femke-stoltenborg?id=70834,30/07/1991,28,189,81,303,299
Yvon Belien,/en/vnl/women/teams/ned-netherlands/players/yvon-belien?id=70810,28/12/1993,26,188,73,307,303
Celeste Plak,/en/vnl/women/teams/ned-netherlands/players/celeste-plak?id=70827,26/10/1995,24,190,87,314,302
Robin De Kruijf,/en/vnl/women/teams/ned-netherlands/players/robin-de-kruijf?id=70816,05/05/1991,28,192,81,313,300
Maret Balkestein-Grothues,/en/vnl/women/teams/ned-netherlands/players/maret-balkestein-grothues?id=70809,16/09/1988,31,180,68,304,285
Juliet Lohuis,/en/vnl/women/teams/ned-netherlands/players/juliet-lohuis?id=70824,10/09/1996,23,190,77,305,295
Demi Korevaar,/en/vnl/women/teams/ned-netherlands/players/demi-korevaar?id=70823,09/08/2000,19,187,71,311,303
Myrthe Schoot,/en/vnl/women/teams/ned-netherlands/players/myrthe-schoot?id=70830,29/08/1988,31,182,70,298,286
Lonneke Slöetjes,/en/vnl/women/teams/ned-netherlands/players/lonneke-sl%c3%b6etjes?id=70832,15/11/1990,29,191,76,322,315
Anne Buijs,/en/vnl/women/teams/ned-netherlands/players/anne-buijs?id=70814,02/12/1991,28,191,73,317,299
Britt Bongaerts,/en/vnl/women/teams/ned-netherlands/players/britt-bongaerts?id=70812,03/11/1996,23,185,68,296,284
Hester Jasper,/en/vnl/women/teams/ned-netherlands/players/hester-jasper?id=70819,07/05/2001,18,175,63,295,287
Laura Dijkema,/en/vnl/women/teams/ned-netherlands/players/laura-dijkema?id=70818,18/02/1990,29,184,70,293,279
Indy Baijens,/en/vnl/women/teams/ned-netherlands/players/indy-baijens?id=70808,04/02/2001,18,190,67,317,312
Nicole Oude Luttikhuis,/en/vnl/women/teams/ned-netherlands/players/nicole-oude-luttikhuis?id=70826,26/12/1997,22,191,82,312,305
Marrit Jasper,/en/vnl/women/teams/ned-netherlands/players/marrit-jasper?id=70820,28/02/1996,23,180,75,300,285
Nika Daalderop,/en/vnl/women/teams/ned-netherlands/players/nika-daalderop?id=70815,29/11/1998,21,189,72,317,308
Tessa Polder,/en/vnl/women/teams/ned-netherlands/players/tessa-polder?id=70828,10/10/1997,22,189,76,301,293
Annick Meijers,/en/vnl/women/teams/ned-netherlands/players/annick-meijers?id=70825,23/03/2000,19,188,70,310,301
Nicole Koolhaas,/en/vnl/women/teams/ned-netherlands/players/nicole-koolhaas?id=70822,31/01/1991,28,198,77,310,300
Florien Reesink,/en/vnl/women/teams/ned-netherlands/players/florien-reesink?id=70829,09/06/1998,21,174,61,279,273
Sarah Van Aalen,/en/vnl/women/teams/ned-netherlands/players/sarah-van-aalen?id=70835,21/01/2000,19,183,68,300,293
Anniek Siebring,/en/vnl/women/teams/ned-netherlands/players/anniek-siebring?id=70831,13/05/1997,22,180,68,302,287
Eline Timmerman,/en/vnl/women/teams/ned-netherlands/players/eline-timmerman?id=70837,30/12/1998,21,192,78,303,295
Julia Nowicka,/en/vnl/women/teams/pol-poland/players/julia-nowicka?id=71045,21/10/1998,21,174,58,295,278
Marta Joanna Wojcik,/en/vnl/women/teams/pol-poland/players/marta-joanna-wojcik?id=71055,17/02/1982,37,183,70,295,280
Klaudia Alagierska,/en/vnl/women/teams/pol-poland/players/klaudia-alagierska?id=71029,02/01/1996,23,190,76,297,290
Kamila Witkowska,/en/vnl/women/teams/pol-poland/players/kamila-witkowska?id=71053,02/12/1991,28,191,76,310,301
Agnieszka Kakolewska,/en/vnl/women/teams/pol-poland/players/agnieszka-kakolewska?id=71038,17/10/1994,25,197,75,309,295
Martyna Lukasik,/en/vnl/women/teams/pol-poland/players/martyna-lukasik?id=71040,26/11/1999,20,189,75,315,288
Julia Twardowska,/en/vnl/women/teams/pol-poland/players/julia-twardowska?id=71052,04/05/1995,24,185,66,297,283
Maria Stenzel,/en/vnl/women/teams/pol-poland/players/maria-stenzel?id=71050,25/11/1998,21,168,53,278,262
Magdalena Stysiak,/en/vnl/women/teams/pol-poland/players/magdalena-stysiak?id=71051,03/12/2000,19,198,85,312,295
Zuzanna Efimienko-Mlotkowska,/en/vnl/women/teams/pol-poland/players/zuzanna-efimienko-mlotkowska?id=71032,08/08/1989,30,197,72,318,303
Monika Bociek,/en/vnl/women/teams/pol-poland/players/monika-bociek?id=71030,06/04/1996,23,185,70,302,287
Malgorzata Jasek,/en/vnl/women/teams/pol-poland/players/malgorzata-jasek?id=71037,14/03/1995,24,191,78,300,240
Paulina Maj-Erwardt,/en/vnl/women/teams/pol-poland/players/paulina-maj-erwardt?id=71041,22/03/1987,32,166,58,277,255
Joanna Wolosz,/en/vnl/women/teams/pol-poland/players/joanna-wolosz?id=71056,07/04/1990,29,181,71,303,281
Martyna Grajber,/en/vnl/women/teams/pol-poland/players/martyna-grajber?id=71035,28/03/1995,24,180,67,293,276
Natalia Medrzyk,/en/vnl/women/teams/pol-poland/players/natalia-medrzyk?id=71042,13/01/1992,27,183,73,305,287
Malwina Smarzek,/en/vnl/women/teams/pol-poland/players/malwina-smarzek?id=71049,03/06/1996,23,191,80,318,292
Emilia Mucha,/en/vnl/women/teams/pol-poland/players/emilia-mucha?id=71043,07/12/1993,26,186,78,300,283
Olivia Rozanski,/en/vnl/women/teams/pol-poland/players/olivia-rozanski?id=71048,05/06/1997,22,185,74,315,300
Marlena Plesnierowicz,/en/vnl/women/teams/pol-poland/players/marlena-plesnierowicz?id=71046,09/01/1992,27,176,61,295,281
Weronika Centka,/en/vnl/women/teams/pol-poland/players/weronika-centka?id=71031,06/09/2000,19,191,63,312,297
Natalia Murek,/en/vnl/women/teams/pol-poland/players/natalia-murek?id=71044,08/09/1999,20,180,70,302,283
Zuzanna Gorecka,/en/vnl/women/teams/pol-poland/players/zuzanna-gorecka?id=71033,10/04/2000,19,181,63,301,284
Monika Jagła,/en/vnl/women/teams/pol-poland/players/monika-jag%c5%82a?id=71036,04/01/2000,19,177,69,298,285
Alicja Grabka,/en/vnl/women/teams/pol-poland/players/alicja-grabka?id=71034,09/05/1998,21,178,62,290,280
Angelina Lazarenko,/en/vnl/women/teams/rus-russia/players/angelina-lazarenko?id=71063,13/04/1998,21,193,80,320,305
Ekaterina Efimova,/en/vnl/women/teams/rus-russia/players/ekaterina-efimova?id=71060,03/07/1993,26,192,70,305,295
Daria Chikrizova,/en/vnl/women/teams/rus-russia/players/daria-chikrizova?id=71073,09/06/1990,29,177,69,185,180
Ekaterina Orlova,/en/vnl/women/teams/rus-russia/players/ekaterina-orlova?id=71066,21/10/1987,32,193,77,307,301
Irina Koroleva,/en/vnl/women/teams/rus-russia/players/irina-koroleva?id=71079,04/10/1991,28,196,78,305,290
Tatiana Romanova,/en/vnl/women/teams/rus-russia/players/tatiana-romanova?id=71067,09/09/1994,25,178,64,292,285
Nataliya Goncharova,/en/vnl/women/teams/rus-russia/players/nataliya-goncharova?id=71077,01/06/1989,30,194,75,315,306
Alla Galkina,/en/vnl/women/teams/rus-russia/players/alla-galkina?id=71076,15/04/1992,27,178,65,295,290
Ekaterina Evdokimova,/en/vnl/women/teams/rus-russia/players/ekaterina-evdokimova?id=71074,10/09/1994,25,190,73,306,285
Margarita Kurilo,/en/vnl/women/teams/rus-russia/players/margarita-kurilo?id=71467,21/06/1993,26,185,73,304,290
Daria Ryseva,/en/vnl/women/teams/rus-russia/players/daria-ryseva?id=71069,05/03/1998,21,175,69,282,266
Evgeniya Startseva,/en/vnl/women/teams/rus-russia/players/evgeniya-startseva?id=71084,12/02/1989,30,185,68,294,290
Irina Voronkova,/en/vnl/women/teams/rus-russia/players/irina-voronkova?id=71085,20/10/1995,24,190,84,305,290
Valeriya Zaytseva,/en/vnl/women/teams/rus-russia/players/valeriya-zaytseva?id=71469,24/03/1995,24,187,71,307,297
Kseniia Parubets,/en/vnl/women/teams/rus-russia/players/kseniia-parubets?id=71082,31/10/1994,25,183,64,300,286
Mariia Khaletskaia,/en/vnl/women/teams/rus-russia/players/mariia-khaletskaia?id=71422,31/07/1994,25,195,80,311,302
Maria Vorobyeva,/en/vnl/women/teams/rus-russia/players/maria-vorobyeva?id=71071,24/02/1998,21,184,77,306,288
Anna Kotikova,/en/vnl/women/teams/rus-russia/players/anna-kotikova?id=71062,13/10/1999,20,185,71,306,300
Tatiana Iurinskaia,/en/vnl/women/teams/rus-russia/players/tatiana-iurinskaia?id=71061,25/01/1996,23,195,69,305,275
Olga Zubareva,/en/vnl/women/teams/rus-russia/players/olga-zubareva?id=71072,08/11/1998,21,189,74,305,297
Kristina Kurnosova,/en/vnl/women/teams/rus-russia/players/kristina-kurnosova?id=71081,17/06/1997,22,176,62,288,278
Sofya Kuznetsova,/en/vnl/women/teams/rus-russia/players/sofya-kuznetsova?id=71468,31/10/1999,20,182,65,300,295
Tatiana Kadochkina,/en/vnl/women/teams/rus-russia/players/tatiana-kadochkina?id=71078,21/03/2003,16,192,77,310,292
Polina Matveeva,/en/vnl/women/teams/rus-russia/players/polina-matveeva?id=71065,08/08/2002,17,188,69,300,281
Victoriia Russu,/en/vnl/women/teams/rus-russia/players/victoriia-russu?id=71068,16/02/1999,20,193,70,311,305
Bianka Busa,/en/vnl/women/teams/srb-serbia/players/bianka-busa?id=71813,25/07/1994,25,187,74,312,298
Katarina Lazovic,/en/vnl/women/teams/srb-serbia/players/katarina-lazovic?id=71862,12/09/1999,20,182,65,290,277
Emilija Antanasijevic,/en/vnl/women/teams/srb-serbia/players/emilija-antanasijevic?id=71861,10/08/1994,25,180,72,290,275
Mina Popovic,/en/vnl/women/teams/srb-serbia/players/mina-popovic?id=71808,16/09/1994,25,187,73,315,305
Maja Savic,/en/vnl/women/teams/srb-serbia/players/maja-savic?id=71809,14/08/1993,26,189,70,305,295
Katarina Jovic,/en/vnl/women/teams/srb-serbia/players/katarina-jovic?id=71814,01/10/1999,20,191,76,292,284
Sladjana Mirkovic,/en/vnl/women/teams/srb-serbia/players/sladjana-mirkovic?id=71806,07/10/1995,24,185,78,293,283
Brankica Mihajlovic,/en/vnl/women/teams/srb-serbia/players/brankica-mihajlovic?id=71817,13/04/1991,28,190,83,302,290
Stefana Veljkovic,/en/vnl/women/teams/srb-serbia/players/stefana-veljkovic?id=71811,09/01/1990,29,190,76,325,310
Teodora Pusic,/en/vnl/women/teams/srb-serbia/players/teodora-pusic?id=71829,12/03/1993,26,170,58,270,260
Ana Bjelica,/en/vnl/women/teams/srb-serbia/players/ana-bjelica?id=71821,03/04/1992,27,190,78,310,305
Maja Aleksic,/en/vnl/women/teams/srb-serbia/players/maja-aleksic?id=71801,06/06/1997,22,188,72,302,289
Tijana Boškovic,/en/vnl/women/teams/srb-serbia/players/tijana-bo%c5%a1kovic?id=71822,08/03/1997,22,193,82,315,300
Bojana Milenkovic,/en/vnl/women/teams/srb-serbia/players/bojana-milenkovic?id=71919,06/03/1997,22,185,70,294,288
Jelena Blagojevic,/en/vnl/women/teams/srb-serbia/players/jelena-blagojevic?id=71812,01/12/1988,31,181,67,302,284
Jovana Kocic,/en/vnl/women/teams/srb-serbia/players/jovana-kocic?id=71805,24/02/1998,21,190,85,290,285
Sara Lozo,/en/vnl/women/teams/srb-serbia/players/sara-lozo?id=71816,29/04/1997,22,186,61,295,290
Mila Djordjevic,/en/vnl/women/teams/srb-serbia/players/mila-djordjevic?id=71804,20/04/1998,21,180,58,290,280
Aleksandra Cirovic,/en/vnl/women/teams/srb-serbia/players/aleksandra-cirovic?id=71803,30/09/1997,22,175,57,285,275
Sara Vucicevic,/en/vnl/women/teams/srb-serbia/players/sara-vucicevic?id=71820,29/04/1997,22,186,66,287,282
Ana Pejicic,/en/vnl/women/teams/srb-serbia/players/ana-pejicic?id=71827,05/11/2000,19,190,69,299,288
Milica Kubura,/en/vnl/women/teams/srb-serbia/players/milica-kubura?id=71825,20/03/1995,24,192,77,297,280
Aleksandra Tadic,/en/vnl/women/teams/srb-serbia/players/aleksandra-tadic?id=71830,24/12/1997,22,174,60,270,265
Marija Popovic,/en/vnl/women/teams/srb-serbia/players/marija-popovic?id=71863,20/08/1996,23,162,60,230,225
Bojana Gocanin,/en/vnl/women/teams/srb-serbia/players/bojana-gocanin?id=71824,25/09/2002,17,179,66,286,276
Wipawee Srithong,/en/vnl/women/teams/tha-thailand/players/wipawee-srithong?id=71795,28/01/1999,20,174,65,288,266
Piyanut Pannoy,/en/vnl/women/teams/tha-thailand/players/piyanut-pannoy?id=71790,10/11/1989,30,171,62,280,275
Pornpun Guedpard,/en/vnl/women/teams/tha-thailand/players/pornpun-guedpard?id=71778,05/05/1993,26,170,63,288,279
Thatdao Nuekjang,/en/vnl/women/teams/tha-thailand/players/thatdao-nuekjang?id=71788,03/02/1994,25,184,72,308,296
Pleumjit Thinkaow,/en/vnl/women/teams/tha-thailand/players/pleumjit-thinkaow?id=71796,09/11/1983,36,180,67,303,283
Onuma Sittirak,/en/vnl/women/teams/tha-thailand/players/onuma-sittirak?id=71793,13/06/1986,33,175,72,304,285
Watchareeya Nuanjam,/en/vnl/women/teams/tha-thailand/players/watchareeya-nuanjam?id=71787,22/07/1996,23,177,64,292,279
Wanitchaya Luangtonglang,/en/vnl/women/teams/tha-thailand/players/wanitchaya-luangtonglang?id=71784,08/10/1992,27,177,60,300,275
Wilavan Apinyapong,/en/vnl/women/teams/tha-thailand/players/wilavan-apinyapong?id=71773,06/06/1984,35,174,70,294,282
Amporn Hyapha,/en/vnl/women/teams/tha-thailand/players/amporn-hyapha?id=71779,19/05/1985,34,180,70,301,290
Tapaphaipun Chaisri,/en/vnl/women/teams/tha-thailand/players/tapaphaipun-chaisri?id=71776,29/11/1989,30,168,70,295,276
Nootsara Tomkom,/en/vnl/women/teams/tha-thailand/players/nootsara-tomkom?id=71797,07/07/1985,34,169,57,289,278
Chitaporn Kamlangmak,/en/vnl/women/teams/tha-thailand/players/chitaporn-kamlangmak?id=71780,17/03/1996,23,184,74,290,282
Malika Kanthong,/en/vnl/women/teams/tha-thailand/players/malika-kanthong?id=71782,08/01/1987,32,178,65,292,278
Tichaya Boonlert,/en/vnl/women/teams/tha-thailand/players/tichaya-boonlert?id=71775,14/02/1997,22,179,64,293,284
Ajcharaporn Kongyot,/en/vnl/women/teams/tha-thailand/players/ajcharaporn-kongyot?id=71783,18/06/1995,24,178,65,298,287
Chatchu-On Moksri,/en/vnl/women/teams/tha-thailand/players/chatchu-on-moksri?id=71785,06/11/1999,20,178,58,298,290
Supattra Pairoj,/en/vnl/women/teams/tha-thailand/players/supattra-pairoj?id=71789,27/06/1990,29,160,58,275,265
Gullapa Piampongsan,/en/vnl/women/teams/tha-thailand/players/gullapa-piampongsan?id=71791,17/03/1991,28,178,60,280,274
Yupa Sanitklang,/en/vnl/women/teams/tha-thailand/players/yupa-sanitklang?id=71792,14/08/1991,28,166,55,275,260
Jutarat Montripila,/en/vnl/women/teams/tha-thailand/players/jutarat-montripila?id=71786,02/10/1986,33,175,60,290,280
Tichakorn Boonlert,/en/vnl/women/teams/tha-thailand/players/tichakorn-boonlert?id=71774,22/03/2001,18,180,78,294,283
Thanacha Sooksod,/en/vnl/women/teams/tha-thailand/players/thanacha-sooksod?id=71794,26/05/2000,19,180,70,283,275
Kaewkalaya Kamulthala,/en/vnl/women/teams/tha-thailand/players/kaewkalaya-kamulthala?id=71781,07/08/1994,25,178,66,298,281
Tikamporn Changkeaw,/en/vnl/women/teams/tha-thailand/players/tikamporn-changkeaw?id=71777,12/12/1984,35,168,62,260,252
Gizem Örge Güner,/en/vnl/women/teams/tur-turkey/players/gizem-%c3%b6rge-g%c3%bcner?id=71214,26/04/1993,26,172,59,270,260
Simge Sebnem Akoz,/en/vnl/women/teams/tur-turkey/players/simge-sebnem-akoz?id=71199,23/04/1991,28,168,56,250,245
Cansu Ozbay,/en/vnl/women/teams/tur-turkey/players/cansu-ozbay?id=71215,17/10/1996,23,182,78,298,290
Seyma Ercan,/en/vnl/women/teams/tur-turkey/players/seyma-ercan?id=71208,05/07/1994,25,187,73,305,294
Kubra Caliskan,/en/vnl/women/teams/tur-turkey/players/kubra-caliskan?id=71204,13/10/1994,25,198,86,310,310
Hande Baladin,/en/vnl/women/teams/tur-turkey/players/hande-baladin?id=71202,01/09/1997,22,190,81,309,300
Buse Unal,/en/vnl/women/teams/tur-turkey/players/buse-unal?id=71221,29/07/1997,22,188,74,299,290
Meliha Ismailoglu,/en/vnl/women/teams/tur-turkey/players/meliha-ismailoglu?id=71211,17/09/1993,26,188,73,303,291
Melis Durul,/en/vnl/women/teams/tur-turkey/players/melis-durul?id=71207,21/10/1993,26,185,74,303,291
Ezgi Dilik,/en/vnl/women/teams/tur-turkey/players/ezgi-dilik?id=71224,12/06/1995,24,177,72,288,280
Gözde Yilmaz,/en/vnl/women/teams/tur-turkey/players/g%c3%b6zde-yilmaz?id=71223,09/09/1991,28,194,79,316,306
Meryem Boz,/en/vnl/women/teams/tur-turkey/players/meryem-boz?id=71203,03/02/1988,31,190,68,323,313
Eda Erdem Dündar,/en/vnl/women/teams/tur-turkey/players/eda-erdem-d%c3%bcndar?id=71209,22/06/1987,32,188,74,307,297
Ayçin Akyol,/en/vnl/women/teams/tur-turkey/players/ay%c3%a7in-akyol?id=71200,15/06/1999,20,188,72,305,298
Yasemin Guveli,/en/vnl/women/teams/tur-turkey/players/yasemin-guveli?id=71276,05/01/1999,20,188,72,306,298
Zehra Gunes,/en/vnl/women/teams/tur-turkey/players/zehra-gunes?id=71210,07/07/1999,20,197,88,319,310
Asli Kalac,/en/vnl/women/teams/tur-turkey/players/asli-kalac?id=71212,13/12/1995,24,185,73,306,297
Aylin Sarioğlu,/en/vnl/women/teams/tur-turkey/players/aylin-sario%c4%9flu?id=71219,21/07/1995,24,169,68,300,290
Fatma Yildirim,/en/vnl/women/teams/tur-turkey/players/fatma-yildirim?id=71222,03/01/1990,29,180,64,304,292
Elif Şahin,/en/vnl/women/teams/tur-turkey/players/elif-%c5%9fahin?id=71218,19/01/2001,18,190,73,300,291
Humay Topaloglu,/en/vnl/women/teams/tur-turkey/players/humay-topaloglu?id=71220,03/08/1996,23,180,64,300,290
Neriman Ozsoy,/en/vnl/women/teams/tur-turkey/players/neriman-ozsoy?id=71288,13/07/1988,31,188,76,312,300
Cansu Cetin,/en/vnl/women/teams/tur-turkey/players/cansu-cetin?id=71205,26/05/1993,26,181,69,298,290
Naz Aydemir Akyol,/en/vnl/women/teams/tur-turkey/players/naz-aydemir-akyol?id=71197,14/08/1990,29,186,68,304,294
Ebrar Karakurt,/en/vnl/women/teams/tur-turkey/players/ebrar-karakurt?id=71213,17/01/2000,19,196,73,315,304
Micha Hancock,/en/vnl/women/teams/usa-usa/players/micha-hancock?id=70959,10/11/1992,27,180,76,305,297
Jordyn Poulter,/en/vnl/women/teams/usa-usa/players/jordyn-poulter?id=70966,31/07/1997,22,188,77,306,295
Carli Lloyd,/en/vnl/women/teams/usa-usa/players/carli-lloyd?id=70963,06/08/1989,30,180,75,313,295
Rachael Adams,/en/vnl/women/teams/usa-usa/players/rachael-adams?id=70950,03/06/1990,29,188,81,318,307
Tetori Dixon,/en/vnl/women/teams/usa-usa/players/tetori-dixon?id=70955,04/08/1992,27,191,83,306,295
Lauren Carlini,/en/vnl/women/teams/usa-usa/players/lauren-carlini?id=70953,28/02/1995,24,185,77,302,295
Lauren Gibbemeyer,/en/vnl/women/teams/usa-usa/players/lauren-gibbemeyer?id=70958,08/09/1988,31,187,71,307,293
Madison Kingdon Rishel,/en/vnl/women/teams/usa-usa/players/madison-kingdon-rishel?id=70967,20/04/1993,26,183,78,307,298
Jordan Larson,/en/vnl/women/teams/usa-usa/players/jordan-larson?id=70961,16/10/1986,33,188,75,302,295
Andrea Drews,/en/vnl/women/teams/usa-usa/players/andrea-drews?id=70956,25/12/1993,26,191,77,316,312
Jordan Thompson,/en/vnl/women/teams/usa-usa/players/jordan-thompson?id=70975,05/05/1997,22,193,70,320,314
Sarah Wilhite,/en/vnl/women/teams/usa-usa/players/sarah-wilhite?id=70972,30/07/1995,24,185,75,305,300
Michelle Bartsch-Hackley,/en/vnl/women/teams/usa-usa/players/michelle-bartsch-hackley?id=70952,12/02/1990,29,190,78,305,296
Kimberly Hill,/en/vnl/women/teams/usa-usa/players/kimberly-hill?id=70960,30/11/1989,30,193,72,320,310
Megan Courtney,/en/vnl/women/teams/usa-usa/players/megan-courtney?id=70954,27/10/1993,26,185,61,314,300
Mikaela Foecke,/en/vnl/women/teams/usa-usa/players/mikaela-foecke?id=70957,22/02/1997,22,191,79,302,295
Hannah Tapp,/en/vnl/women/teams/usa-usa/players/hannah-tapp?id=71398,21/06/1995,24,191,77,297,290
Dana Rettke,/en/vnl/women/teams/usa-usa/players/dana-rettke?id=70974,21/01/1999,20,203,80,315,308
Simone Lee,/en/vnl/women/teams/usa-usa/players/simone-lee?id=70962,07/10/1996,23,186,70,310,305
Haleigh Washington,/en/vnl/women/teams/usa-usa/players/haleigh-washington?id=70971,22/09/1995,24,190,82,307,295
Kelsey Robinson,/en/vnl/women/teams/usa-usa/players/kelsey-robinson?id=70968,25/06/1992,27,188,73,307,298
Chiaka Ogbogu,/en/vnl/women/teams/usa-usa/players/chiaka-ogbogu?id=70965,15/04/1995,24,188,73,318,307
Karsta Lowe,/en/vnl/women/teams/usa-usa/players/karsta-lowe?id=70964,02/02/1993,26,193,75,315,305
Mary Lake,/en/vnl/women/teams/usa-usa/players/mary-lake?id=71400,16/09/1998,21,170,63,263,257
Danielle Cuttino,/en/vnl/women/teams/usa-usa/players/danielle-cuttino?id=71396,22/06/1996,23,193,75,324,316
